,Ticker,Company Name,Industry,Address,Market Cap (Min),Market Cap (Max),Market Cap (Mean),Market Cap (Median),Latitude,Longitude
0,AE,"Adams Resources & Energy, Inc.",Oil & Gas Refining & Marketing,"17 South Briar Hollow Lane, Houston, TX, 77027, United States",73807003.62213135,147906435.59791565,127728708.57951595,133072632.137146,29.751084706239656,-95.44930570343318
1,AM,Antero Midstream Corporation,Oil & Gas Midstream,"1615 Wynkoop Street, Denver, CO, 80202, United States",699888305.7183151,2688670703.516693,1517866175.7074366,1549408031.929016,39.7521367,-105.001
2,AMPY,Amplify Energy Corp.,Oil & Gas E&P,"500 Dallas Street, Houston, TX, 77002, United States",19879443.27082634,328991851.1853218,126542306.15542205,140834927.38113403,29.757892,-95.370349
3,AMTX,"Aemetis, Inc.",Oil & Gas Refining & Marketing,"20400 Stevens Creek Boulevard, Cupertino, CA, 95014, United States",11756804.24311757,29401526.854002476,18690104.769646063,17911994.198143482,37.3216258,-122.0303889
4,APA,APA Corporation,Oil & Gas E&P,"2000 Post Oak Boulevard, Houston, TX, 77056-4000, United States",1434492355.496704,15211644737.371826,6646555049.599217,4358555180.259705,29.744713,-95.461592
5,AR,Antero Resources Corporation,Oil & Gas E&P,"1615 Wynkoop Street, Denver, CO, 80202, United States",205099740.46891212,788563219.6426392,479785035.3296672,480213428.78025055,39.7521367,-105.001
6,AROC,"Archrock, Inc.",Oil & Gas Equipment & Services,"9807 Katy Freeway, Houston, TX, 77024, United States",290424685.78505516,1316305359.621048,903713201.4083909,1029850769.0180206,29.7837563129569,-95.53543293871383
7,BATL,Battalion Oil Corporation,Oil & Gas E&P,"3505 West Sam Houston Parkway North, Houston, TX, 77043, United States",36760275.0,259262400.0,179763668.87469384,195130243.74485016,29.8257695,-95.5633755
8,BKR,Baker Hughes Company,Oil & Gas Equipment & Services,"17021 Aldine Westfield Road, Houston, TX, 77073-5101, United States",8843211576.141235,24287001872.86377,15817501007.990776,13506498368.857086,29.965540673469388,-95.36395587755102
9,BOOM,DMC Global Inc.,Oil & Gas Equipment & Services,"11800 Ridge Parkway, Broomfield, CO, 80021, United States",421975105.7243347,737890769.2863464,569165241.4924719,594002571.5065002,39.910782,-105.152734
10,BORR,Borr Drilling Limited,Oil & Gas Drilling,"S. E. Pearman Building, Hamilton, HM11, Bermuda",49062272.20888138,1947755370.4109192,434414235.81536084,366791599.38708496,32.29310883897059,-64.78562707720589
11,BP,BP p.l.c.,Oil & Gas Integrated,"1 St James's Square, London, SW1Y 4PD, United Kingdom",45547401941.654785,115523580028.98438,84486638963.26842,85845252550.3606,51.50773,-0.13457
12,BPT,BP Prudhoe Bay Royalty Trust,Oil & Gas Midstream,"601 Travis Street, Houston, TX, 77002, United States",115685358.15553665,175082325.44898987,142536125.21644104,139986275.3868103,29.760353,-95.363417
13,BRN,"Barnwell Industries, Inc.",Oil & Gas E&P,"1100 Alakea Street, Honolulu, HI, 96813-2840, United States",2648691.140797138,11339709.239468575,6896836.842039845,6952814.18292284,21.308929,-157.859519
14,BROG,Brooge Energy Limited,Oil & Gas Midstream,"Opus Tower A, 1002, Dubai, United Arab Emirates",238333089.7846222,1330946310.1654053,1030466543.5943321,1068916673.0413437,25.217534,55.282494
15,BRY,Berry Corporation,Oil & Gas E&P,"16000 North Dallas Parkway, Dallas, TX, 75248, United States",150748131.116724,719288912.4442596,416550250.1445632,491021479.70370483,32.966465,-96.820056
16,BSM,"Black Stone Minerals, L.P.",Oil & Gas E&P,"1001 Fannin Street, Houston, TX, 77002, United States",751263196.3564911,3413724027.753601,1795179224.7280498,1556289727.4108276,29.7554638,-95.3637637
17,BTE,Baytex Energy Corp.,Oil & Gas E&P,"East Tower, Calgary, AB, T2P 0R3, Canada",117056057.60571957,861702610.5363693,305020512.0127084,262198765.37736225,51.050917,-114.07235
18,CAPL,CrossAmerica Partners LP,Oil & Gas Refining & Marketing,"645 Hamilton Street, Allentown, PA, 18101, United States",215404880.74679375,579343246.1853027,435783533.43882734,462660655.7250023,40.602614,-75.471298
19,CCLP,CSI Compressco LP,Oil & Gas Equipment & Services,"1735 Hughes Landing Boulevard, The Woodlands, TX, 77380, United States",21607642.159938812,117809129.7290802,70060535.46982789,68874488.58157396,30.172917775387496,-95.46684697582388
20,CEQP,Crestwood Equity Partners LP,Oil & Gas Midstream,"811 Main Street, Houston, TX, 77002, United States",158791567.41387844,1870694005.85289,1022249299.5855217,993892998.466301,29.758241653061226,-95.36378457142858
21,CHRD,Chord Energy Corporation,Oil & Gas E&P,"1001 Fannin Street, Houston, TX, 77002, United States",72054929.19855118,153497821.8392372,128141817.52105951,127953873.97966385,29.7554638,-95.3637637
22,CHX,ChampionX Corporation,Oil & Gas Equipment & Services,"Building 4, The Woodlands, TX, 77381, United States",614270991.960434,6618609105.727783,3663330973.7967215,3912991243.4101105,30.167813,-95.468691
23,CIVI,"Civitas Resources, Inc.",Oil & Gas E&P,"555 17th Street, Denver, CO, 80202, United States",747769284.872818,2138743287.1382751,1603937068.6328883,1624476187.6945496,39.74552335,-104.98951925002633
24,CKX,"CKX Lands, Inc.",Oil & Gas E&P,"2417 Shell Beach Drive, Lake Charles, LA, 70601, United States",14568675.0,19159737.2224617,16835895.215336625,16511250.0,30.21734383272148,-93.24495333747956
25,CLB,Core Laboratories Inc.,Oil & Gas Equipment & Services,"6316 Windfern Road, Houston, TX, 77040, United States",369330192.5376892,1843719797.529602,1076923041.3143687,1238641016.9763565,29.864028232323232,-95.53723951515151
26,CLMT,"Calumet Specialty Products Partners, L.P.",Oil & Gas E&P,"2780 Waterfront Parkway East Drive, Indianapolis, IN, 46214, United States",75192590.25645733,372556395.0538635,244756282.6443993,292215690.54559135,39.8055696,-86.27862342365756
27,CLNE,Clean Energy Fuels Corp.,Oil & Gas Refining & Marketing,"4675 MacArthur Court, Newport Beach, CA, 92660, United States",215846648.57697487,655651666.6488647,449344523.44951004,453831669.8560715,33.669773250000006,-117.86206160325384
28,CNQ,Canadian Natural Resources Limited,Oil & Gas E&P,"2100, 855 - 2nd Street S.W., Calgary, AB, T2P 4J8, Canada",7903345769.538086,77762488175.73047,35556154494.26637,33363433636.39453,51.045108,-114.068189
29,CNX,CNX Resources Corporation,Oil & Gas E&P,"CNX Center, Canonsburg, PA, 15317-6506, United States",1034723927.0353317,1753261928.0305786,1362579385.8727517,1390315160.0666504,40.27907345,-80.16688273596871
30,COP,ConocoPhillips,Oil & Gas E&P,"925 North Eldridge Parkway, Houston, TX, 77079-2703, United States",27862142365.369873,77541010454.47852,52552417867.90145,57635398015.28381,29.78335183700673,-95.61780117072901
31,CPE,Callon Petroleum Company,Oil & Gas E&P,"One Briarlake Plaza, Houston, TX, 77042, United States",194420511.17076874,19133308500.86975,3464719006.439444,601443700.0,29.7494516,-95.4819822405857
32,CPG,Crescent Point Energy Corp.,Oil & Gas E&P,"585 –8th Avenue SW, Calgary, AB, T2P 1G1, Canada",329802159.91784096,4674744830.134888,1993447104.5803223,1999620108.8417015,51.0456489,-114.0736319
33,CQP,"Cheniere Energy Partners, L.P.",Oil & Gas Midstream,"700 Milam Street, Houston, TX, 77002, United States",7861830982.151367,17695150581.658447,13957941740.19911,14541122775.57373,29.760195,-95.365052
34,CRK,"Comstock Resources, Inc.",Oil & Gas E&P,"Comstock Tower, Frisco, TX, 75034, United States",985192384.4423294,1582712086.7013931,1314668276.492218,1342277016.4318848,33.129631,-96.84545895012502
35,CRT,Cross Timbers Royalty Trust,Oil & Gas E&P,"2911 Turtle Creek Boulevard, Dallas, TX, 75219, United States",21405070.781707764,45504268.24260712,38485851.30982293,40099150.65765381,32.8041589,-96.8062608
36,CTRA,Coterra Energy Inc.,Oil & Gas E&P,"Three Memorial City Plaza, Houston, TX, 77024, United States",251262745.72105408,15187908824.118164,8292537167.228337,12008411230.053223,29.776933,-95.542974
37,CVE,Cenovus Energy Inc.,Oil & Gas Integrated,"4100, 225 – 6 Avenue SW, Calgary, AB, T2P 0M5, Canada",1888312683.2596436,43504016451.739746,15332843876.737871,15078257491.485565,51.047992,-114.073143
38,CVI,"CVR Energy, Inc.",Oil & Gas Refining & Marketing,"2277 Plaza Drive, Sugar Land, TX, 77479, United States",1271643928.264618,3517116488.876343,2504517671.2954793,2856584238.5902405,29.595424933397606,-95.62109889139953
39,CVX,Chevron Corporation,Oil & Gas Integrated,"6001 Bollinger Canyon Road, San Ramon, CA, 94583-2324, United States",95068362961.0957,204329281607.66602,163513741458.75604,168173019784.6875,37.7583351,-121.95945809117993
40,DHT,"DHT Holdings, Inc.",Oil & Gas Midstream,"Clarendon House, Hamilton, HM 11, Bermuda",688301062.6069794,1101079899.6391296,827352516.2315727,813274039.5343475,32.2935652,-64.7878332
41,DINO,HF Sinclair Corporation,Oil & Gas Refining & Marketing,"2828 North Harwood, Dallas, TX, 75201, United States",64890186.92642212,9666129491.544922,4312457689.916656,3349863991.9991455,32.7941763,-96.8082694
42,DK,"Delek US Holdings, Inc.",Oil & Gas Refining & Marketing,"310 Seven Springs Way, Brentwood, TN, 37027, United States",646709547.8515625,2397410878.0651093,1570848504.8617728,1441347802.3098755,36.042942,-86.769718
43,DKL,"Delek Logistics Partners, LP",Oil & Gas Refining & Marketing,"310 Seven Springs Way, Brentwood, TN, 37027, United States",196723777.8517723,1123027528.9478302,747649740.0158612,743474685.3735924,36.042942,-86.769718
44,DLNG,Dynagas LNG Partners LP,Oil & Gas Midstream,"Poseidonos Avenue and Foivis 2 Street, Athens, Greece",62476908.06224346,77315590.55423737,70636284.27659103,72319385.8178258,37.98888,23.73604
45,DMLP,"Dorchester Minerals, L.P.",Oil & Gas E&P,"3838 Oak Lawn Avenue, Dallas, TX, 75219-4541, United States",280468710.00995636,611749137.2673035,448469016.2470147,469548202.10905075,32.81527176010682,-96.80220612023541
46,DNOW,NOW Inc.,Oil & Gas Equipment & Services,"7402 North Eldridge Parkway, Houston, TX, 77041, United States",491069910.9711647,1347314485.2142334,1009562800.4625007,1089319206.5520287,29.88570915,-95.60651206360862
47,DRQ,"Dril-Quip, Inc.",Oil & Gas Equipment & Services,"2050 West Sam Houston Parkway S., Houston, TX, 77042, United States",930351442.0366287,1754920497.2686768,1340835582.4301271,1308814559.7545624,29.745289,-95.5589
48,DVN,Devon Energy Corporation,Oil & Gas E&P,"333 West Sheridan Avenue, Oklahoma City, OK, 73102-5015, United States",3330084104.3356934,10249819552.946777,6915216012.92711,7255051980.400085,35.46656218372876,-97.51850833455941
49,DWSN,Dawson Geophysical Company,Oil & Gas Equipment & Services,"508 West Wall, Midland, TX, 79701, United States",20716701.113545895,65645537.36243248,42290883.34843362,45514499.428868294,31.997725,-102.080176
50,E,Eni S.p.A.,Oil & Gas Integrated,"Piazzale Enrico Mattei 1, Rome, Italy",22553874212.18701,60324497485.859375,40467689378.9737,40956549921.74402,41.827183250000004,12.471661295432497
51,EC,Ecopetrol S.A.,Oil & Gas Integrated,"Carrera 13 No. 36 - 24, Bogotá, Colombia",12473799832.750488,47996984188.05469,25086458383.212303,23756559458.191406,4.624147,-74.067643
52,EFXT,Enerflex Ltd.,Oil & Gas Equipment & Services,"1331 Macleod Trail SE, Calgary, AB, T2G OK3, Canada",1171281501.00708,1171281501.00708,1171281501.00708,1171281501.00708,51.0398497,-114.059599
53,EGY,"VAALCO Energy, Inc.",Oil & Gas E&P,"9800 Richmond Avenue, Houston, TX, 77042, United States",45328764.593958855,147769449.1174698,101409542.47023316,118028694.03851032,29.728254,-95.543435
54,ENB,Enbridge Inc.,Oil & Gas Midstream,"200, Fifth Avenue Place, Calgary, AB, T2P 3L8, Canada",39564665995.322754,94995592317.21094,68342305935.85359,68856760181.89844,51.046246,-114.066516
55,ENLC,"EnLink Midstream, LLC",Oil & Gas Midstream,"1722 Routh Street, Dallas, TX, 75201, United States",370692485.08795166,2434275439.493225,1413519993.3221607,1687836945.300949,32.79093289795918,-96.79503095918368
56,ENSV,Enservco Corporation,Oil & Gas Equipment & Services,"14133 County Road 9 1/2, Longmont, CO, 80504, United States",12187748.111486435,231023929.50849533,88359416.26749955,95932081.32591248,40.20841521228144,-104.9702808875503
57,EOG,"EOG Resources, Inc.",Oil & Gas E&P,"1111 Bagby Street, Houston, TX, 77002, United States",15890590792.106445,47248671073.194336,33190760296.462086,37830651039.89624,29.759113897959182,-95.37072936734694
58,EP,Empire Petroleum Corporation,Oil & Gas E&P,"2200 South Utica Place, Tulsa, OK, 74114, United States",8918831.80064857,38648374.58238602,15290722.53053854,15268475.808405876,36.130298350000004,-95.96525045
59,EPD,Enterprise Products Partners L.P.,Oil & Gas Midstream,"1100 Louisiana Street, Houston, TX, 77002-5227, United States",22419597601.175537,52667485554.67676,45056192603.44193,47659943946.6167,29.757716,-95.368272
60,EPM,Evolution Petroleum Corporation,Oil & Gas E&P,"1155 Dairy Ashford Road, Houston, TX, 77079, United States",67500828.48489285,164514503.3943653,129676047.10472178,150525886.53059006,29.78136165,-95.60714573761521
61,EPSN,Epsilon Energy Ltd.,Oil & Gas E&P,"500 Dallas Street, Houston, TX, 77002, United States",58974405.22587299,91843922.78060913,72029088.36807327,71697085.83723307,29.757892,-95.370349
62,EQNR,Equinor ASA,Oil & Gas Integrated,"Forusbeen 50, Stavanger, Norway",26575699516.640625,127359957504.0,65303273969.60598,61487047236.328125,58.8928159,5.7191106
63,EQT,EQT Corporation,Oil & Gas E&P,"625 Liberty Avenue, Pittsburgh, PA, 15222-3111, United States",1291218775.6689758,5715327093.963623,2419688387.080761,2140692710.7683945,40.44192127589594,-80.0014696027691
64,ERF,Enerplus Corporation,Oil & Gas E&P,"Dome Tower, Calgary, AB, T2P 2Z1, Canada",273800090.33703804,3245280977.787018,1329464954.5784047,1110132967.1738281,51.065472,-114.136078
65,ESTE,"Earthstone Energy, Inc.",Oil & Gas E&P,"1400 Woodloch Forest Drive, The Woodlands, TX, 77380, United States",83412728.94043922,439912747.9270935,270715936.8353754,305488090.1753187,30.157552,-95.454784
66,ET,Energy Transfer LP,Oil & Gas Midstream,"8111 Westchester Drive, Dallas, TX, 75225, United States",11460960155.562012,29470197773.72705,22338552907.838215,26664698545.62085,32.861457,-96.80715415007114
67,ETRN,Equitrans Midstream Corporation,Oil & Gas Midstream,"2200 Energy Drive, Canonsburg, PA, 15317, United States",1528464926.0776215,3727125706.6520996,2322876650.2041597,2156659728.769928,40.273594,-80.170627
68,EURN,Euronav NV,Oil & Gas Midstream,"Belgica Building, Antwerp, Belgium",1431322441.017334,2668289719.5358276,1829826202.9371102,1804228207.3878174,51.19240215,4.397745721162309
69,FANG,"Diamondback Energy, Inc.",Oil & Gas E&P,"500 West Texas Avenue, Midland, TX, 79701, United States",2706721178.1578064,14453323288.330078,8528533987.755394,7313561413.3316345,31.998537,-102.079463
70,FET,"Forum Energy Technologies, Inc.",Oil & Gas Equipment & Services,"10344 Sam Houston Park Drive, Houston, TX, 77064, United States",18088704.269542694,4175539115.7226562,1365976044.3092759,88283937.06802368,29.915628,-95.554386
71,FLNG,FLEX LNG Ltd.,Oil & Gas Midstream,"Par-La-Ville Place, Hamilton, HM08, Bermuda",158890681.85884953,1301659443.9268112,515346822.1864102,406543148.4204054,32.29339,-64.787055
72,FRO,Frontline plc,Oil & Gas Midstream,"Iris House, Limassol, Cyprus",1317264756.0792542,2146715221.736908,1686512036.6868656,1617949256.4525986,35.246754,33.03047
73,FTI,TechnipFMC plc,Oil & Gas Equipment & Services,"Hadrian House, Newcastle upon Tyne, NE6 3PL, United Kingdom",1675297897.825241,6997623082.846436,3324240292.974027,3115426006.491829,54.9708,-1.538722
74,FTK,"Flotek Industries, Inc.",Oil & Gas Equipment & Services,"8846 North Sam Houston Pkwy West, Houston, TX, 77064, United States",54812707.10948181,138880300.65728188,96386846.86525686,100327977.31088996,29.9261730215086,-95.55191738609165
75,GEL,"Genesis Energy, L.P.",Oil & Gas Midstream,"811 Louisiana, Houston, TX, 77002, United States",302660756.4225197,2295036684.328079,1410183215.119127,1774897459.0301514,29.7599066,-95.3664358
76,GEOS,Geospace Technologies Corporation,Oil & Gas Equipment & Services,"7007 Pinemont Drive, Houston, TX, 77040-6601, United States",64042651.75938606,229125710.87799072,163619208.72559136,183662546.0551262,29.841339877551018,-95.49480706122449
77,GLNG,Golar LNG Limited,Oil & Gas Midstream,"S.E. Pearman Building, Hamilton, HM 11, Bermuda",499114012.33673096,1545865532.535553,1093562829.727501,1052817066.4485931,32.29310883897059,-64.78562707720589
78,GLP,Global Partners LP,Oil & Gas Midstream,"800 South Street, Waltham, MA, 02454-9161, United States",205234863.68217468,559732366.8317795,488389765.2062856,526012575.0255585,42.355456,-71.261959
79,GPP,Green Plains Partners LP,Oil & Gas Midstream,"1811 Aksarben Drive, Omaha, NE, 68106, United States",72177216.41995907,295737691.3631439,186835726.7330918,148106611.05270386,41.241941,-96.017607
80,GPRK,GeoPark Limited,Oil & Gas E&P,"Calle 94 N° 11-30, Bogotá, Colombia",343273477.37874985,1271089683.0665588,913184110.2831136,1097937009.464264,4.677486,-74.046463
81,GTE,Gran Tierra Energy Inc.,Oil & Gas E&P,"500 Centre Street South East, Calgary, AB, T2G 1A6, Canada",649070997.2054901,4938138000.0,2113513000.2811778,2215362048.0,51.0479732,-114.0616695
82,HAL,Halliburton Company,Oil & Gas Equipment & Services,"3000 North Sam Houston Parkway East, Houston, TX, 77032, United States",4361091644.447388,20994853347.51123,13938047379.122454,17098003634.77002,29.938688,-95.345444
83,HEP,"Holly Energy Partners, L.P.",Oil & Gas Midstream,"2828 North Harwood, Dallas, TX, 75201-1507, United States",797941902.5230408,2163381304.107666,1802617376.2797358,2006351471.1284637,32.7941763,-96.8082694
84,HES,Hess Corporation,Oil & Gas E&P,"1185 Avenue of the Americas, New York, NY, 10036, United States",8701664711.05011,21499034855.624023,15025893899.500834,16638007492.523193,40.757815,-73.982208
85,HESM,Hess Midstream LP,Oil & Gas Midstream,"1501 McKinney Street, Houston, TX, 77010, United States",177574762.15877533,6013040796.723877,3155902411.483736,3320837179.628792,29.754361,-95.360437
86,HLX,"Helix Energy Solutions Group, Inc.",Oil & Gas Equipment & Services,"3505 West Sam Houston Parkway North, Houston, TX, 77043, United States",201799565.87150192,1452237989.830017,1027097475.7162244,1264983742.6205444,29.8257695,-95.5633755
87,HP,"Helmerich & Payne, Inc.",Oil & Gas Drilling,"1437 South Boulder Avenue, Tulsa, OK, 74119, United States",1196714440.2198792,4504685873.3558655,3131173090.037973,3801494377.7122498,36.141234749999995,-95.98787655000001
88,HPK,"HighPeak Energy, Inc.",Oil & Gas E&P,"421 West 3rd Street, Fort Worth, TX, 76102, United States",896865152.8930664,1210289145.5459595,1051543346.0147188,1036019755.1757812,32.75379730612245,-97.33408871428573
89,HUSA,Houston American Energy Corp.,Oil & Gas E&P,"801 Travis Street, Houston, TX, 77002, United States",8700712.5,176097487.5,56905947.60214332,13938300.0,29.758836,-95.364619
90,ICD,"Independence Contract Drilling, Inc.",Oil & Gas Drilling,"20475 State Highway 249, Houston, TX, 77070, United States",6052553.290815353,1524863654.9837036,176147161.67636427,39455604.834508896,29.997183,-95.57845
91,IEP,Icahn Enterprises L.P.,Oil & Gas Refining & Marketing,"16690 Collins Avenue, Sunny Isles Beach, FL, 33160, United States",9191820592.193604,13810742711.593506,11900818680.951368,11987432278.640747,25.9295257,-80.1227005
92,IMO,Imperial Oil Limited,Oil & Gas Integrated,"505 Quarry Park Boulevard S.E., Calgary, AB, T2C 5N1, Canada",5419365081.303955,32912638064.294434,17206852291.74619,17031512471.435547,50.9633787,-114.0069743
93,INDO,Indonesia Energy Corporation Limited,Oil & Gas E&P,"DEA Tower I, Jakarta, Indonesia",11513337.645807266,65508000.50538063,40769440.453436546,41796239.24273014,-6.223982149999999,106.83383022323076
94,INSW,"International Seaways, Inc.",Oil & Gas Midstream,"600 Third Avenue, New York, NY, 10016, United States",401780579.2655945,1211649210.861206,710096080.3827676,619900221.4889526,40.74932325,-73.97589050171247
95,KLXE,"KLX Energy Services Holdings, Inc.",Oil & Gas Equipment & Services,"3040 Post Oak Boulevard, Houston, TX, 77056, United States",25814123.56038809,772354900.2124786,210851239.44937477,80958472.57971764,29.734934250000002,-95.46282777276349
96,KMI,"Kinder Morgan, Inc.",Oil & Gas Midstream,"1001 Louisiana Street, Houston, TX, 77002, United States",19711159045.628906,44566374091.637695,36549102176.984695,40871501940.34668,29.758374,-95.367514
97,KNTK,Kinetik Holdings Inc.,Oil & Gas Midstream,"2700 Post Oak Boulevard, Houston, TX, 77056-4400, United States",400672067.4196243,971661876.7719269,662699449.8036726,549770706.376648,29.73933875852255,-95.46078256796598
98,KOS,Kosmos Energy Ltd.,Oil & Gas E&P,"8176 Park Lane, Dallas, TX, 75231, United States",216265428.32565308,2724316959.636688,1243365421.971305,758453825.8406372,32.87184179715571,-96.76632634127387
99,KRP,"Kimbell Royalty Partners, LP",Oil & Gas E&P,"777 Taylor Street, Fort Worth, TX, 76102, United States",193140880.16240597,756023411.8642807,481964405.5476871,440024087.2350216,32.75175246938775,-97.33231020408164
100,LBRT,Liberty Energy Inc.,Oil & Gas Equipment & Services,"950 17th Street, Denver, CO, 80202, United States",397748716.4015808,1488026596.4698792,875312496.9958136,897137653.4109116,39.74773720270086,-104.99325205871148
101,LNG,"Cheniere Energy, Inc.",Oil & Gas Midstream,"700 Milam Street, Houston, TX, 77002, United States",7537382464.92334,16795994565.925781,12117574385.349302,12346038610.510712,29.760195,-95.365052
102,LPG,Dorian LPG Ltd.,Oil & Gas Midstream,"27 Signal Road, Stamford, CT, 06902, United States",231850650.8605957,767559717.353344,432748802.77051073,335135479.00390625,41.02782909557281,-73.55142129981293
103,MARPS,Marine Petroleum Trust,Oil & Gas Midstream,"Simmons Bank, Dallas, GA, 75219, United States",2078217.5064086914,3714459.1513752937,2874723.842885344,2893115.8740758896,32.810089,-96.833683
104,MGY,Magnolia Oil & Gas Corporation,Oil & Gas E&P,"Nine Greenway Plaza, Houston, TX, 77046, United States",811128220.5159988,3391251544.342041,1768968228.677462,1725748168.6503067,29.732303,-95.434652
105,MMLP,Martin Midstream Partners L.P.,Oil & Gas Midstream,"4200 Stone Road, Kilgore, TX, 75662, United States",35116113.96924257,172801820.50085068,88486688.7096363,89580285.09483337,32.38174029924206,-94.830250572101
106,MMP,"Magellan Midstream Partners, L.P.",Oil & Gas Midstream,"One Williams Center, Tulsa, OK, 74121-2186, United States",5140117615.681763,14239620520.023438,8881400889.082537,7846805534.614563,36.07257455,-95.88864097241554
107,MPC,Marathon Petroleum Corporation,Oil & Gas Refining & Marketing,"539 South Main Street, Findlay, OH, 45840-3229, United States",8455855134.350159,36286290537.323,25328965575.294697,31123076335.870117,41.03649696210927,-83.65016264079452
108,MPLX,MPLX LP,Oil & Gas Midstream,"200 East Hardin Street, Findlay, OH, 45840-3229, United States",6811176642.131897,22102147092.500977,15166369855.765287,14582415627.25122,41.035775,-83.64837
109,MRC,MRC Global Inc.,Oil & Gas Equipment & Services,"1301 McKinney Street, Houston, TX, 77010, United States",303461914.7057533,1209045635.9176636,638680652.3913534,472354110.3729553,29.755389,-95.362156
110,MRO,Marathon Oil Corporation,Oil & Gas E&P,"990 Town and Country Boulevard, Houston, TX, 77024-2217, United States",2157148052.855713,10726335580.669922,6223060569.576531,6398723107.781433,29.78384663265306,-95.56075351020408
111,MTDR,Matador Resources Company,Oil & Gas E&P,"One Lincoln Centre, Dallas, TX, 75240, United States",139708819.3165064,2721214935.1239624,1034484103.886133,869451951.7641068,32.924006,-96.817107
112,MTR,Mesa Royalty Trust,Oil & Gas E&P,"601 Travis Street, Houston, TX, 77002, United States",5784680.391173363,15058710.330200195,8725090.789765805,8412336.675038338,29.760353,-95.363417
113,MUR,Murphy Oil Corporation,Oil & Gas E&P,"9805 Katy Freeway, Houston, TX, 77024, United States",701814123.3651123,3968900726.687805,2542028851.880994,3079556032.641876,29.783756208637936,-95.53542195914255
114,MVO,MV Oil Trust,Oil & Gas E&P,"601 Travis Street, Houston, TX, 77002, United States",18060458.183288574,54941909.76176262,39590274.088387094,42497869.27866936,29.760353,-95.363417
115,MXC,Mexco Energy Corporation,Oil & Gas E&P,"415 West Wall, Midland, TX, 79701, United States",3570297.5,16792029.790821075,8331257.011033792,7785198.596768379,31.997194,-102.079036
116,NBR,Nabors Industries Ltd.,Oil & Gas Drilling,"Crown House, Hamilton, HM 08, Bermuda",98893095.0,59133565826.416016,11298185365.351484,596386645.5197906,32.291519,-64.789328
117,NCSM,"NCS Multistage Holdings, Inc.",Oil & Gas Equipment & Services,"19350 State Highway 249, Houston, TX, 77070, United States",19276564.522504807,1917616955.5103302,639731870.2629063,35778661.839613914,29.997183,-95.57845
118,NEX,NexTier Oilfield Solutions Inc.,Oil & Gas Equipment & Services,"3990 Rogerdale Road, Houston, TX, 77042, United States",254426622.34768677,1423230015.9902573,897738984.1752206,1117843244.419098,29.719527,-95.560756
119,NEXT,NextDecade Corporation,Oil & Gas E&P,"1000 Louisiana Street, Houston, TX, 77002, United States",147831754.66060638,952004352.809906,380982752.84116966,253521273.68187904,29.758468,-95.367669
120,NFG,National Fuel Gas Company,Oil & Gas Integrated,"6363 Main Street, Williamsville, NY, 14221, United States",2789816100.338928,3770677035.590271,3397181623.3790603,3483463706.5150146,42.962548,-78.7144949
121,NGL,NGL Energy Partners LP,Oil & Gas Midstream,"6120 South Yale Avenue, Tulsa, OK, 74136, United States",174044742.90180206,1403965973.538208,943879365.2651349,1102770047.7027893,36.07401665670526,-95.922255501084
122,NGS,"Natural Gas Services Group, Inc.",Oil & Gas Equipment & Services,"404 Veterans Airpark Lane, Midland, TX, 79705, United States",54974362.00580597,174306970.3475952,107156573.23378037,108199191.30616188,32.03586636438546,-102.08746854932488
123,NINE,"Nine Energy Service, Inc.",Oil & Gas Equipment & Services,"2001 Kirby Drive, Houston, TX, 77019, United States",11991013.849532604,306306403.99360657,98080402.54631624,66714000.0,29.748275,-95.418725
124,NOA,North American Construction Group Ltd.,Oil & Gas Equipment & Services,"27287 – 100 Avenue, Acheson, AB, T7X 6H8, Canada",118213913.40045929,501040966.5584564,309222655.1367193,302359584.1190815,53.5409075,-113.7760958
125,NOG,"Northern Oil and Gas, Inc.",Oil & Gas E&P,"4350 Baker Road, Minnetonka, MN, 55343, United States",340022913.312006,9195469479.652405,3190237799.1951556,642878381.0705109,44.923899000000006,-93.44746
126,NOV,NOV Inc.,Oil & Gas Equipment & Services,"10353 Richmond Avenue, Houston, TX, 77042-4103, United States",3295055721.33255,9609004512.866455,6678652757.290082,7438504710.775726,29.727540602593297,-95.55476586075609
127,NR,"Newpark Resources, Inc.",Oil & Gas Equipment & Services,"9320 Lakeside Boulevard, The Woodlands, TX, 77381, United States",61693665.856752396,569681961.0442352,267164373.55101416,284235704.4083643,30.170789,-95.476747
128,NRT,North European Oil Royalty Trust,Oil & Gas E&P,"5 North Lincoln Street, Keene, NH, 03431, United States",18369209.43392515,45427564.127025604,31335054.24357216,29327669.953844547,42.93652897729344,-72.26767458252903
129,NS,NuStar Energy L.P.,Oil & Gas Midstream,"19003 IH-10 West, San Antonio, TX, 78257, United States",601190782.8154564,2458291991.622925,1539803150.272025,1469967492.7535057,29.618571,-98.604771
130,NVGS,Navigator Holdings Ltd.,Oil & Gas Midstream,"The Verde, London, SW1E 5DH, United Kingdom",316701905.3411484,880360268.3731842,648447808.2292101,694623363.1630898,51.502427,-0.152758
131,OBE,Obsidian Energy Ltd.,Oil & Gas E&P,"207 – 9th Avenue SW, Calgary, AB, T2P 1K3, Canada",12956479.710400105,64922095.21931076,34412745.33488471,34597078.91982794,51.044579,-114.066621
132,OII,"Oceaneering International, Inc.",Oil & Gas Equipment & Services,"5875 North Sam Houston Parkway West, Houston, TX, 77086, United States",207269496.3973999,1696931044.0559387,1084834099.8228185,1274078010.4236603,29.936424102040814,-95.51105759183673
133,OIS,"Oil States International, Inc.",Oil & Gas Equipment & Services,"Three Allen Center, Houston, TX, 77002, United States",102347283.3698988,1017657077.5360107,416254250.9651384,211505355.3436756,29.7573566,-95.37191430465808
134,OKE,"ONEOK, Inc.",Oil & Gas Midstream,"100 West Fifth Street, Tulsa, OK, 74103, United States",5692767757.765686,28743016103.42102,18878863867.023624,25271519870.13025,36.150869,-95.991424
135,OSG,"Overseas Shipholding Group, Inc.",Oil & Gas Midstream,"302 Knights Run Avenue, Tampa, FL, 33602, United States",147668124.14197922,218993724.1279335,174113716.5828856,173064710.3658676,27.937258061224487,-82.45318418367347
136,OVV,Ovintiv Inc.,Oil & Gas E&P,"370 17th Street, Denver, CO, 80202, United States",540253463.8198242,11988825315.551758,5269798827.203194,5123287012.046814,39.7433855,-104.9890147
137,OXY,Occidental Petroleum Corporation,Oil & Gas E&P,"5 Greenway Plaza, Houston, TX, 77046-0521, United States",9047094466.953186,42143275015.03345,29378695817.50541,36378135843.02173,29.73065125,-95.4317595136533
138,PAA,"Plains All American Pipeline, L.P.",Oil & Gas Midstream,"333 Clay Street, Houston, TX, 77002, United States",1947175060.8493195,11416661412.380066,9122376413.643978,9991861217.322327,29.757600791780686,-95.37258935545866
139,PAGP,"Plains GP Holdings, L.P.",Oil & Gas Midstream,"333 Clay Street, Houston, TX, 77002, United States",578416856.4653397,3587504163.253784,1981993020.9348288,1930519295.3516846,29.757600791780686,-95.37258935545866
140,PARR,"Par Pacific Holdings, Inc.",Oil & Gas Refining & Marketing,"825 Town & Country Lane, Houston, TX, 77024, United States",360949200.0,1235810639.8857117,900929414.0469944,1058407929.4528961,36.407534,-98.441357
141,PBA,Pembina Pipeline Corporation,Oil & Gas Midstream,"585 - 8th Avenue South West, Calgary, AB, T2P 1G1, Canada",5296733582.794189,22991328306.061035,14934176923.451204,15797660395.134277,51.045703,-114.073391
142,PBF,PBF Energy Inc.,Oil & Gas Refining & Marketing,"One Sylvan Way, Parsippany, NJ, 07054, United States",695969307.6553345,3978180501.811981,2363820225.2894354,2793936813.3182526,40.853731,-74.401647
143,PBR,Petróleo Brasileiro S.A. - Petrobras,Oil & Gas Integrated,"Avenida RepUblica do Chile, 65, Rio De Janeiro, Brazil",21490406612.733765,81357075850.89551,50423167937.36312,47596041314.052734,-22.90957255,-43.1793105
144,PBT,Permian Basin Royalty Trust,Oil & Gas Midstream,"2911 Turtle Creek Boulevard, Dallas, TX, 75219, United States",105641224.5216608,180307261.68107986,149208148.22633985,157054883.8238716,32.8041589,-96.8062608
145,PDS,Precision Drilling Corporation,Oil & Gas Drilling,"525–8th Avenue SW, Calgary, AB, T2P 1G1, Canada",171540185.1934433,9193712275.433716,1698724528.1264734,530453089.5313263,51.0455678,-114.0726467
146,PED,PEDEVCO Corp.,Oil & Gas E&P,"Energy Center II, Houston, TX, 77079, United States",56521368.80680847,129362413.0317955,83432628.57057346,75415005.01525354,29.7859911,-95.615406557924
147,PFIE,"Profire Energy, Inc.",Oil & Gas Equipment & Services,"321 South 1250 West, Lindon, UT, 84042, United States",32698399.443149567,71869650.0,50388932.67065694,43830653.35339308,40.331653836734695,-111.74332773469388
148,PHX,PHX Minerals Inc.,Oil & Gas E&P,"1320 South University Drive, Fort Worth, TX, 76101, United States",91153111.24687195,185555094.72465515,124892292.4293176,121147899.94945526,32.732673204081635,-97.36160940816326
149,PNRG,PrimeEnergy Resources Corporation,Oil & Gas E&P,"9821 Katy Freeway, Houston, TX, 77024, United States",94364919.00398254,340377132.9574585,241230384.51446286,278188110.0,29.78375704318967,-95.53550979571278
150,PR,Permian Resources Corporation,Oil & Gas E&P,"300 N. Marienfeld Street, Midland, TX, 79701, United States",1437114948.5549927,2792093167.5567627,2398829010.7161613,2551185757.204056,31.999625,-102.079251
151,PRT,PermRock Royalty Trust,Oil & Gas E&P,"Simmons Bank, Trustee, Fort Worth, TX, 76147, United States",12921020.902204514,71492238.05308342,44907686.120324984,50884414.314341545,31.89706925,-98.60354343663013
152,PSX,Phillips 66,Oil & Gas Refining & Marketing,"2331 CityWest Boulevard, Houston, TX, 77042, United States",18291193388.583496,44980954486.1145,31149281472.000877,30857392101.761353,29.74116495088581,-95.56232787984564
153,PTEN,"Patterson-UTI Energy, Inc.",Oil & Gas Drilling,"10713 West Sam Houston Parkway North, Houston, TX, 77064, United States",358968889.9593353,2169236636.8408203,1007171462.4812866,1005634134.3688965,29.8500869,-95.5632715
154,PUMP,ProPetro Holding Corp.,Oil & Gas Equipment & Services,"1706 South Midkiff Road, Midland, TX, 79701, United States",156596059.0109825,1183334580.2879333,755035702.8691858,958407193.2320595,31.97291308163265,-102.10999887755102
155,PVL,Permianville Royalty Trust,Oil & Gas E&P,"601 Travis Street, Houston, TX, 77002, United States",25412166.953086853,58987428.31796408,45588208.959127665,52139800.72000027,29.760353,-95.363417
156,PXD,Pioneer Natural Resources Company,Oil & Gas E&P,"777 Hidden Ridge, Irving, TX, 75038, United States",12826485179.214478,28419578293.151855,19784690890.42654,20374118534.057617,32.8776589989824,-96.95463776257557
157,RCON,"Recon Technology, Ltd.",Oil & Gas Equipment & Services,"1 Shui'an South Street, Beijing, China",6130341.379004717,45292939.12822008,17935769.44225037,13541320.36565423,39.937967,116.417592
158,REI,"Ring Energy, Inc.",Oil & Gas E&P,"1725 Hughes Landing Boulevard, The Woodlands, TX, 77380, United States",56551526.9472599,224379536.75780296,121541024.95113835,132471094.98460197,30.172959861083445,-95.46657741868042
159,REPX,"Riley Exploration Permian, Inc.",Oil & Gas E&P,"29 East Reno Avenue, Oklahoma City, OK, 73104, United States",5633989.086921692,179753194.76356506,126588118.29199077,129897689.67962265,35.46435868423691,-97.51188098545987
160,RES,"RPC, Inc.",Oil & Gas Equipment & Services,"2801 Buford Highway NE, Atlanta, GA, 30329, United States",418779464.8475952,1132560045.003891,792913960.2510009,863187000.9615097,33.83044,-84.3425392
161,RIG,Transocean Ltd.,Oil & Gas Drilling,"Turmstrasse 30, Steinhausen, Switzerland",681725199.9544678,4387050701.401367,2138287949.1629684,2191376005.7653656,47.18868285,8.480063
162,RNGR,"Ranger Energy Services, Inc.",Oil & Gas Equipment & Services,"10350 Richmond, Houston, TX, 77042, United States",47416290.82546234,116611358.53672028,88071354.11851092,92633425.0870943,29.728546,-95.555028
163,RRC,Range Resources Corporation,Oil & Gas E&P,"100 Throckmorton Street, Fort Worth, TX, 76102, United States",523406179.9179077,1343068418.7850952,839779105.4542404,784290386.2023354,32.756915,-97.334896
164,SBOW,"SilverBow Resources, Inc.",Oil & Gas E&P,"920 Memorial City Way, Houston, TX, 77024, United States",29175479.227113724,122433873.8067627,60644924.87122163,50371546.395778656,29.783292390977444,-95.53597007017544
165,SBR,Sabine Royalty Trust,Oil & Gas E&P,"2911 Turtle Creek Boulevard, Dallas, TX, 75219, United States",313310164.39380646,535995958.297348,441127180.1582961,454783826.12924576,32.8041589,-96.8062608
166,SD,"SandRidge Energy, Inc.",Oil & Gas E&P,"1 East Sheridan Ave, Oklahoma City, OK, 73104, United States",29357200.43745637,159882739.65482712,82361764.03093232,84194780.24311066,35.466548,-97.512275
167,SDPI,"Superior Drilling Products, Inc.",Oil & Gas Equipment & Services,"1583 South 1700 East, Vernal, UT, 84078, United States",6916725.274845958,26019922.75431156,15904653.89104257,17113234.53977406,40.433406020408164,-109.4954517755102
168,SGU,"Star Group, L.P.",Oil & Gas Refining & Marketing,"9 West Broad Street, Stamford, CT, 06902, United States",213091577.90465355,392140055.4180145,326347714.2921365,328965402.3548126,41.055657498143724,-73.54765725784475
169,SHEL,Shell plc,Oil & Gas Integrated,"Shell Centre, London, SE1 7NA, United Kingdom",83542926588.84375,460608304112.9883,148277836067.8899,128263350543.37744,51.5038502,-0.11677336321045279
170,SJT,San Juan Basin Royalty Trust,Oil & Gas E&P,"2200 Post Oak Boulevard, Houston, TX, 77056, United States",62891427.56843567,104335237.8118515,87378390.84904952,88273443.44531298,29.744816,-95.461168
171,SLB,Schlumberger Limited,Oil & Gas Equipment & Services,"5599 San Felipe, Houston, TX, 77056, United States",16249679763.502686,58163008709.0918,35604767178.1014,38865529985.89502,29.74965,-95.47335
172,SLCA,"U.S. Silica Holdings, Inc.",Oil & Gas Equipment & Services,"24275 Katy Freeway, Katy, TX, 77494, United States",63540820.18227196,486842129.9971161,278445066.3439787,341291543.5711365,29.78496221686747,-95.78772820481927
173,SLNG,"Stabilis Solutions, Inc.",Oil & Gas Integrated,"11750 Katy Freeway, Houston, TX, 77079, United States",16737192.303621769,86484455.64959049,53329888.77353233,64396579.65397835,29.784085319699678,-95.59303605176976
174,SM,SM Energy Company,Oil & Gas E&P,"1700 Lincoin Street, Denver, CO, 80203, United States",133790383.48960876,1451438706.150055,807021100.2206644,995826681.055069,39.7434964,-104.9856925
175,SMLP,"Summit Midstream Partners, LP",Oil & Gas Midstream,"910 Louisiana Street, Houston, TX, 77002, United States",50586975.0,4910906884.464264,1449965019.1331575,150604668.75,29.75915489795918,-95.36712457142858
176,SND,"Smart Sand, Inc.",Oil & Gas Equipment & Services,"28420 Hardy Toll Road, Spring, TX, 77373, United States",27176101.07988119,101643294.38929558,74165569.15890878,81396103.79354954,30.1055092,-95.43113877635483
177,SOI,"Solaris Oilfield Infrastructure, Inc.",Oil & Gas Equipment & Services,"9811 Katy Freeway, Houston, TX, 77024, United States",133850886.80849075,600459600.8939743,350746347.77504164,301425981.10735416,29.783756521594835,-95.53545489785638
178,STNG,Scorpio Tankers Inc.,Oil & Gas Midstream,"Le Millenium, Monaco, Monaco",756250516.5567398,2160763513.16185,1301214337.3302739,1235988448.6066818,43.734234,7.415523
179,STR,Sitio Royalties Corp.,Oil & Gas E&P,"1401 Lawrence Street, Denver, CO, 80202, United States",327938497.7973938,2405913198.498596,1641171306.015489,2142078780.9745789,39.7464444,-104.9996778
180,SU,Suncor Energy Inc.,Oil & Gas Integrated,"6th Avenue S.W, Calgary, AB, T2P 3E3, Canada",14425498602.852173,47885771602.549805,30016056225.41562,29250487474.726807,51.0481487,-114.07824215460192
181,SUN,Sunoco LP,Oil & Gas Refining & Marketing,"8111 Westchester Drive, Dallas, TX, 75225, United States",933078676.868042,2554795646.6388245,1797146008.2838588,1828700943.8903809,32.861457,-96.80715415007114
182,SWN,Southwestern Energy Company,Oil & Gas E&P,"10000 Energy Drive, Spring, TX, 77389, United States",839617961.3702545,3734935774.060364,1593697718.293858,1123853230.5220184,30.099097,-95.43691664473859
183,TALO,Talos Energy Inc.,Oil & Gas E&P,"333 Clay Street, Houston, TX, 77002, United States",470648984.25102234,1607520376.952362,1181447879.8654883,1351979031.5768738,29.757600791780686,-95.37258935545866
184,TDW,Tidewater Inc.,Oil & Gas Equipment & Services,"842 West Sam Houston Parkway North, Houston, TX, 77024, United States",213030985.16321182,810284446.693039,451260549.9166741,379037674.06082153,29.780464,-95.5619061
185,TELL,Tellurian Inc.,Oil & Gas E&P,"1201 Louisiana Street, Houston, TX, 77002, United States",330513443.3379631,2763704719.8482666,1409140146.130152,1663968932.2814941,29.756884,-95.368697
186,TGS,Transportadora de Gas del Sur S.A.,Oil & Gas Integrated,"Don Bosco 3672, Buenos Aires, Argentina",494760948.9412308,1577235556.9877625,973407418.8145328,945327639.1627121,-34.61246177142857,-58.41745324285714
187,TK,Teekay Corporation,Oil & Gas Midstream,"Belvedere Building, Hamilton, HM 08, Bermuda",206280782.92274475,488697981.2383652,325548576.74540454,315474527.3652077,32.291485050000006,-64.79029027983717
188,TNK,Teekay Tankers Ltd.,Oil & Gas Midstream,"Belvedere Building, Hamilton, HM 08, Bermuda",415138536.43751144,853080784.3391418,633920417.0388657,600533989.7155762,32.291485050000006,-64.79029027983717
189,TNP,Tsakos Energy Navigation Limited,Oil & Gas Midstream,"367 Syngrou Avenue, Athens, Greece",175229739.53342438,1984848925.4943237,497467165.34820926,348246627.4492264,37.9755648,23.7348324
190,TPL,Texas Pacific Land Corporation,Oil & Gas E&P,"1700 Pacific Avenue, Dallas, TX, 75201, United States",2326392713.999634,6057624868.7890625,4892777263.761521,5486160625.979004,32.782524,-96.797393
191,TRGP,Targa Resources Corp.,Oil & Gas Midstream,"811 Louisiana Street, Houston, TX, 77002, United States",1044180764.2364502,9313260032.669067,6063499853.399261,7912095426.16272,29.759807795918366,-95.36639693877551
192,TRMD,TORM plc,Oil & Gas Midstream,"Office 105, London, EC3R 8HL, United Kingdom",326554746.72937393,784179478.9862671,596666281.4082308,603278989.8405418,51.5073359,-0.12765
193,TRP,TC Energy Corporation,Oil & Gas Midstream,"450 - 1 Street SW, Calgary, AB, T2P 5H1, Canada",27309830778.63745,60067870811.16846,43261462424.92942,43578608717.53125,51.0488663,-114.06458628905753
194,TS,Tenaris S.A.,Oil & Gas Equipment & Services,"26, Boulevard Royal, Luxembourg, Luxembourg",5331362867.578125,20207554394.051514,10869892676.529959,11694241555.569397,49.6109863,6.1257865
195,TTE,TotalEnergies SE,Oil & Gas Integrated,"2, place Jean Millier, Courbevoie, France",63169659789.899414,143860068349.26562,99253892555.1373,96973487033.50781,48.892689,2.242977
196,TTI,"TETRA Technologies, Inc.",Oil & Gas Equipment & Services,"24955 Interstate 45 North, The Woodlands, TX, 77380, United States",28094659.84776616,254848226.40824318,125222324.88024437,155702012.4144554,30.160779,-95.450556
197,UGP,Ultrapar Participações S.A.,Oil & Gas Refining & Marketing,"Brigadeiro Luis Antônio Avenue, 1343, São Paulo, Brazil",2080708393.8162231,6971332582.442871,3778211990.9931746,3726189536.2765656,-23.547955,-46.63494
198,USAC,"USA Compression Partners, LP",Oil & Gas Equipment & Services,"111 Congress Avenue, Austin, TX, 78701, United States",262992174.16122437,1241615148.2696533,801007386.3632675,744712914.3154907,30.26354393877551,-97.74440263265306
199,USEG,U.S. Energy Corp.,Oil & Gas E&P,"1616 South Voss Road, Houston, TX, 77057, United States",3415390.0800943375,173839382.51023293,36454588.232666545,10911160.49692154,29.75020269387755,-95.50119367346939
200,VET,Vermilion Energy Inc.,Oil & Gas E&P,"3500, 520 3rd Avenue SW, Calgary, AB, T2P 0R3, Canada",260314454.8010826,4021167647.8426514,1243713586.4620972,1106335664.0378723,51.050435,-114.072626
201,VIST,"Vista Energy, S.A.B. de C.V.",Oil & Gas E&P,"Pedregal 24, Mexico City, Mexico",164793408.0,1697185471.1203613,322229154.5512502,247087402.93688774,19.4252122,-99.2033586
202,VIVK,"Vivakor, Inc.",Oil & Gas E&P,"4101 North Thanksgiving Way, Lehi, UT, 84043, United States",1426442.8970704079,5413551638.420044,339047910.5127354,3465623.3351945877,40.438196,-111.898424
203,VLO,Valero Energy Corporation,Oil & Gas Refining & Marketing,"One Valero Way, San Antonio, TX, 78249, United States",11862160287.864685,35436233967.315674,25160095185.25653,28395541038.208008,29.5841364,-98.6070202
204,VNOM,Viper Energy Partners LP,Oil & Gas Midstream,"500 West Texas, Midland, TX, 79701, United States",390177350.06780624,4066615990.447998,2205919639.025823,1479552099.4579315,31.9999827,-102.0795931
205,VOC,VOC Energy Trust,Oil & Gas E&P,"601 Travis Street, Houston, TX, 77002, United States",22837885.14137268,67328089.31171894,53280659.51179981,56486597.537994385,29.760353,-95.363417
206,VTNR,"Vertex Energy, Inc.",Oil & Gas Refining & Marketing,"1331 Gemini Street, Houston, TX, 77058, United States",30316503.923106194,76761999.59902763,51834033.41456936,51931331.125581264,29.558473577018365,-95.11287039546153
207,VTOL,Bristow Group Inc.,Oil & Gas Equipment & Services,"3151 Briarpark Drive, Houston, TX, 77042, United States",228530071.71440125,701495565.7302856,540596222.6676867,570751471.8454361,29.73161052173913,-95.54895213043478
208,VVV,Valvoline Inc.,Oil & Gas Refining & Marketing,"100 Valvoline Way, Lexington, KY, 40509, United States",1585401290.1306152,4032564678.5877686,3120945090.1052547,3290882983.4411926,37.997348,-84.377851
209,WDS,Woodside Energy Group Ltd,Oil & Gas E&P,"Mia Yellagonga, Perth, Australia",16980086671.726807,50901559137.404785,38768108203.97749,43006685688.484375,-31.94972,115.8378
210,WES,"Western Midstream Partners, LP",Oil & Gas Midstream,"9950 Woodloch Forest Drive, The Woodlands, TX, 77380, United States",984073956.6590576,7671020395.278931,4384413827.163383,5150595097.667877,30.160542,-95.455075
211,WHD,"Cactus, Inc.",Oil & Gas Equipment & Services,"920 Memorial City Way, Houston, TX, 77024, United States",622030900.10643,2635717382.754135,1466817586.5828319,1349677237.0780945,29.783292390977444,-95.53597007017544
212,WMB,"The Williams Companies, Inc.",Oil & Gas Midstream,"One Williams Center, Tulsa, OK, 74172, United States",9962444049.35083,25183187424.906006,19907984909.135414,21559380628.86255,36.07257455,-95.88864097241554
213,WTI,"W&T Offshore, Inc.",Oil & Gas E&P,"5718 Westheimer Road, Houston, TX, 77057-5745, United States",155180043.47201157,836522427.5093079,461303340.13178164,470418163.90047455,29.737700772727273,-95.47771868181817
214,XOM,Exxon Mobil Corporation,Oil & Gas Integrated,"5959 Las Colinas Boulevard, Irving, TX, 75039-2298, United States",116681410090.6543,258837665196.0957,190989602736.6627,187877228388.75,32.890255,-96.949441
215,XPRO,Expro Group Holdings N.V.,Oil & Gas Equipment & Services,"1311 Broadfield Boulevard, Houston, TX, 77084, United States",2301264000.0,3330823517.3225403,2631213115.2687073,2556175427.482605,29.788715096153844,-95.65991425
216,YPF,YPF Sociedad Anónima,Oil & Gas Integrated,"Macacha GUeemes 515, Buenos Aires, Argentina",1297932854.845375,6818711892.8671875,3300998560.440291,3392442461.177124,-34.607357,-58.454595
